{"assets/fonts/Mukta-Bold.ttf":["assets/fonts/Mukta-Bold.ttf"],"assets/fonts/Mukta-Medium.ttf":["assets/fonts/Mukta-Medium.ttf"],"assets/fonts/Mukta-Regular.ttf":["assets/fonts/Mukta-Regular.ttf"],"assets/fonts/Mukta-SemiBold.ttf":["assets/fonts/Mukta-SemiBold.ttf"],"assets/image/appetit/Apple.png":["assets/image/appetit/Apple.png"],"assets/image/appetit/a_face.jpeg":["assets/image/appetit/a_face.jpeg"],"assets/image/appetit/a_face2.jpeg":["assets/image/appetit/a_face2.jpeg"],"assets/image/appetit/backgroundprofile.jpg":["assets/image/appetit/backgroundprofile.jpg"],"assets/image/appetit/calories1.jpg":["assets/image/appetit/calories1.jpg"],"assets/image/appetit/calories2.jpg":["assets/image/appetit/calories2.jpg"],"assets/image/appetit/calories3.jpg":["assets/image/appetit/calories3.jpg"],"assets/image/appetit/calories4.jpg":["assets/image/appetit/calories4.jpg"],"assets/image/appetit/calories5.jpg":["assets/image/appetit/calories5.jpg"],"assets/image/appetit/calories6.jpg":["assets/image/appetit/calories6.jpg"],"assets/image/appetit/category1.jpg":["assets/image/appetit/category1.jpg"],"assets/image/appetit/category2.jpg":["assets/image/appetit/category2.jpg"],"assets/image/appetit/category3.jpg":["assets/image/appetit/category3.jpg"],"assets/image/appetit/category4.jpg":["assets/image/appetit/category4.jpg"],"assets/image/appetit/category5.jpg":["assets/image/appetit/category5.jpg"],"assets/image/appetit/category6.jpg":["assets/image/appetit/category6.jpg"],"assets/image/appetit/categoryicon1.png":["assets/image/appetit/categoryicon1.png"],"assets/image/appetit/categoryicon2.png":["assets/image/appetit/categoryicon2.png"],"assets/image/appetit/categoryicon3.png":["assets/image/appetit/categoryicon3.png"],"assets/image/appetit/categoryicon4.png":["assets/image/appetit/categoryicon4.png"],"assets/image/appetit/createaccount.jpg":["assets/image/appetit/createaccount.jpg"],"assets/image/appetit/fb.png":["assets/image/appetit/fb.png"],"assets/image/appetit/google.png":["assets/image/appetit/google.png"],"assets/image/appetit/info1.png":["assets/image/appetit/info1.png"],"assets/image/appetit/info2.png":["assets/image/appetit/info2.png"],"assets/image/appetit/info3.png":["assets/image/appetit/info3.png"],"assets/image/appetit/ingredients1.png":["assets/image/appetit/ingredients1.png"],"assets/image/appetit/ingredients10.png":["assets/image/appetit/ingredients10.png"],"assets/image/appetit/ingredients2.png":["assets/image/appetit/ingredients2.png"],"assets/image/appetit/ingredients3.png":["assets/image/appetit/ingredients3.png"],"assets/image/appetit/ingredients4.png":["assets/image/appetit/ingredients4.png"],"assets/image/appetit/ingredients5.png":["assets/image/appetit/ingredients5.png"],"assets/image/appetit/ingredients6.png":["assets/image/appetit/ingredients6.png"],"assets/image/appetit/ingredients7.png":["assets/image/appetit/ingredients7.png"],"assets/image/appetit/ingredients8.png":["assets/image/appetit/ingredients8.png"],"assets/image/appetit/ingredients9.png":["assets/image/appetit/ingredients9.png"],"assets/image/appetit/livecooking1.jpg":["assets/image/appetit/livecooking1.jpg"],"assets/image/appetit/livecooking2.jpg":["assets/image/appetit/livecooking2.jpg"],"assets/image/appetit/livecooking3.jpg":["assets/image/appetit/livecooking3.jpg"],"assets/image/appetit/livecooking4.jpg":["assets/image/appetit/livecooking4.jpg"],"assets/image/appetit/livecooking5.jpg":["assets/image/appetit/livecooking5.jpg"],"assets/image/appetit/logo.png":["assets/image/appetit/logo.png"],"assets/image/appetit/multipeople.png":["assets/image/appetit/multipeople.png"],"assets/image/appetit/p1.jpg":["assets/image/appetit/p1.jpg"],"assets/image/appetit/p2.jpg":["assets/image/appetit/p2.jpg"],"assets/image/appetit/p3.jpg":["assets/image/appetit/p3.jpg"],"assets/image/appetit/pizza.jpg":["assets/image/appetit/pizza.jpg"],"assets/image/appetit/pizza1.png":["assets/image/appetit/pizza1.png"],"assets/image/appetit/pizza2.png":["assets/image/appetit/pizza2.png"],"assets/image/appetit/search1.png":["assets/image/appetit/search1.png"],"assets/image/appetit/search2.png":["assets/image/appetit/search2.png"],"assets/image/appetit/search3.png":["assets/image/appetit/search3.png"],"assets/image/appetit/search4.png":["assets/image/appetit/search4.png"],"assets/image/appetit/set.jpg":["assets/image/appetit/set.jpg"],"assets/image/appetit/soup.jpg":["assets/image/appetit/soup.jpg"],"assets/image/appetit/topchef1.jpg":["assets/image/appetit/topchef1.jpg"],"assets/image/appetit/topchef2.jpg":["assets/image/appetit/topchef2.jpg"],"assets/image/appetit/topchef3.jpg":["assets/image/appetit/topchef3.jpg"],"assets/image/appetit/topchef4.jpg":["assets/image/appetit/topchef4.jpg"],"assets/image/appetit/topchef5.jpg":["assets/image/appetit/topchef5.jpg"],"assets/image/appetit/topchef6.jpg":["assets/image/appetit/topchef6.jpg"],"assets/image/appetit/user2.png":["assets/image/appetit/user2.png"],"assets/image/appetit/user3.jpg":["assets/image/appetit/user3.jpg"],"assets/image/appetit/user4.jpg":["assets/image/appetit/user4.jpg"],"assets/image/appetit/user6.jpg":["assets/image/appetit/user6.jpg"],"assets/image/appetit/user7.jpg":["assets/image/appetit/user7.jpg"],"assets/image/background.png":["assets/image/background.png"],"assets/image/capas/capa-arco.png":["assets/image/capas/capa-arco.png"],"assets/image/capas/estacao-final.jpg":["assets/image/capas/estacao-final.jpg"],"assets/image/capas/mergulho.jpg":["assets/image/capas/mergulho.jpg"],"assets/image/capas/santuario.jpg":["assets/image/capas/santuario.jpg"],"assets/image/capas/trilha.png":["assets/image/capas/trilha.png"],"assets/image/icons/1.png":["assets/image/icons/1.png"],"assets/image/icons/10.png":["assets/image/icons/10.png"],"assets/image/icons/11.png":["assets/image/icons/11.png"],"assets/image/icons/12.png":["assets/image/icons/12.png"],"assets/image/icons/13.png":["assets/image/icons/13.png"],"assets/image/icons/14.png":["assets/image/icons/14.png"],"assets/image/icons/15.png":["assets/image/icons/15.png"],"assets/image/icons/16.png":["assets/image/icons/16.png"],"assets/image/icons/17.png":["assets/image/icons/17.png"],"assets/image/icons/18.png":["assets/image/icons/18.png"],"assets/image/icons/19.png":["assets/image/icons/19.png"],"assets/image/icons/2.png":["assets/image/icons/2.png"],"assets/image/icons/20.png":["assets/image/icons/20.png"],"assets/image/icons/21.png":["assets/image/icons/21.png"],"assets/image/icons/22.png":["assets/image/icons/22.png"],"assets/image/icons/23.png":["assets/image/icons/23.png"],"assets/image/icons/3.png":["assets/image/icons/3.png"],"assets/image/icons/4.png":["assets/image/icons/4.png"],"assets/image/icons/5.png":["assets/image/icons/5.png"],"assets/image/icons/6.png":["assets/image/icons/6.png"],"assets/image/icons/7.png":["assets/image/icons/7.png"],"assets/image/icons/8.png":["assets/image/icons/8.png"],"assets/image/icons/9.png":["assets/image/icons/9.png"],"assets/image/icons/abc.png":["assets/image/icons/abc.png"],"assets/image/icons/agua.png":["assets/image/icons/agua.png"],"assets/image/icons/ampulheta.png":["assets/image/icons/ampulheta.png"],"assets/image/icons/animais.png":["assets/image/icons/animais.png"],"assets/image/icons/animais_2.png":["assets/image/icons/animais_2.png"],"assets/image/icons/arco.png":["assets/image/icons/arco.png"],"assets/image/icons/arvore_1.png":["assets/image/icons/arvore_1.png"],"assets/image/icons/arvore_2.png":["assets/image/icons/arvore_2.png"],"assets/image/icons/baleia.png":["assets/image/icons/baleia.png"],"assets/image/icons/biblia.png":["assets/image/icons/biblia.png"],"assets/image/icons/biblia_2.png":["assets/image/icons/biblia_2.png"],"assets/image/icons/biblia_3.png":["assets/image/icons/biblia_3.png"],"assets/image/icons/biblia_4.png":["assets/image/icons/biblia_4.png"],"assets/image/icons/boca.png":["assets/image/icons/boca.png"],"assets/image/icons/bussula.png":["assets/image/icons/bussula.png"],"assets/image/icons/calendario_1.png":["assets/image/icons/calendario_1.png"],"assets/image/icons/calendario_2.png":["assets/image/icons/calendario_2.png"],"assets/image/icons/coracao.png":["assets/image/icons/coracao.png"],"assets/image/icons/cruz.png":["assets/image/icons/cruz.png"],"assets/image/icons/engrenagem.png":["assets/image/icons/engrenagem.png"],"assets/image/icons/estacao_final.png":["assets/image/icons/estacao_final.png"],"assets/image/icons/estrelas.png":["assets/image/icons/estrelas.png"],"assets/image/icons/fazendoasmalas.png":["assets/image/icons/fazendoasmalas.png"],"assets/image/icons/folhas.png":["assets/image/icons/folhas.png"],"assets/image/icons/fruta_1.png":["assets/image/icons/fruta_1.png"],"assets/image/icons/haja_luz.png":["assets/image/icons/haja_luz.png"],"assets/image/icons/infinito.png":["assets/image/icons/infinito.png"],"assets/image/icons/infinito_2.png":["assets/image/icons/infinito_2.png"],"assets/image/icons/infinito_3.png":["assets/image/icons/infinito_3.png"],"assets/image/icons/licoes/01/v_1.png":["assets/image/icons/licoes/01/v_1.png"],"assets/image/icons/licoes/01/v_2.png":["assets/image/icons/licoes/01/v_2.png"],"assets/image/icons/licoes/01/v_3.png":["assets/image/icons/licoes/01/v_3.png"],"assets/image/icons/licoes/01/v_4.png":["assets/image/icons/licoes/01/v_4.png"],"assets/image/icons/licoes/01/v_5.png":["assets/image/icons/licoes/01/v_5.png"],"assets/image/icons/licoes/02/1.png":["assets/image/icons/licoes/02/1.png"],"assets/image/icons/licoes/03/1.png":["assets/image/icons/licoes/03/1.png"],"assets/image/icons/licoes/03/2-1.png":["assets/image/icons/licoes/03/2-1.png"],"assets/image/icons/licoes/03/2-2.png":["assets/image/icons/licoes/03/2-2.png"],"assets/image/icons/licoes/04/1.png":["assets/image/icons/licoes/04/1.png"],"assets/image/icons/licoes/05/1.png":["assets/image/icons/licoes/05/1.png"],"assets/image/icons/licoes/05/2.png":["assets/image/icons/licoes/05/2.png"],"assets/image/icons/licoes/05/3.png":["assets/image/icons/licoes/05/3.png"],"assets/image/icons/licoes/06/1.png":["assets/image/icons/licoes/06/1.png"],"assets/image/icons/licoes/08/1.png":["assets/image/icons/licoes/08/1.png"],"assets/image/icons/linha.png":["assets/image/icons/linha.png"],"assets/image/icons/linha_2.png":["assets/image/icons/linha_2.png"],"assets/image/icons/linha_3.png":["assets/image/icons/linha_3.png"],"assets/image/icons/linha_mapa.png":["assets/image/icons/linha_mapa.png"],"assets/image/icons/livros.png":["assets/image/icons/livros.png"],"assets/image/icons/lua.png":["assets/image/icons/lua.png"],"assets/image/icons/lua_sol.png":["assets/image/icons/lua_sol.png"],"assets/image/icons/lua_sol_2.png":["assets/image/icons/lua_sol_2.png"],"assets/image/icons/luz.png":["assets/image/icons/luz.png"],"assets/image/icons/mancha_1.png":["assets/image/icons/mancha_1.png"],"assets/image/icons/mancha_2.png":["assets/image/icons/mancha_2.png"],"assets/image/icons/mancha_3.png":["assets/image/icons/mancha_3.png"],"assets/image/icons/mancha_4.png":["assets/image/icons/mancha_4.png"],"assets/image/icons/mancha_5.png":["assets/image/icons/mancha_5.png"],"assets/image/icons/mancha_6.png":["assets/image/icons/mancha_6.png"],"assets/image/icons/mao.png":["assets/image/icons/mao.png"],"assets/image/icons/mao_2.png":["assets/image/icons/mao_2.png"],"assets/image/icons/mao_3.png":["assets/image/icons/mao_3.png"],"assets/image/icons/mao_4.png":["assets/image/icons/mao_4.png"],"assets/image/icons/mapadatrilha.png":["assets/image/icons/mapadatrilha.png"],"assets/image/icons/mergulho.png":["assets/image/icons/mergulho.png"],"assets/image/icons/misterios.png":["assets/image/icons/misterios.png"],"assets/image/icons/montanha.png":["assets/image/icons/montanha.png"],"assets/image/icons/n_2.png":["assets/image/icons/n_2.png"],"assets/image/icons/n_5.png":["assets/image/icons/n_5.png"],"assets/image/icons/n_6.png":["assets/image/icons/n_6.png"],"assets/image/icons/n_7.png":["assets/image/icons/n_7.png"],"assets/image/icons/nuvem.png":["assets/image/icons/nuvem.png"],"assets/image/icons/nuvem_2.png":["assets/image/icons/nuvem_2.png"],"assets/image/icons/olho.png":["assets/image/icons/olho.png"],"assets/image/icons/passaros_1.png":["assets/image/icons/passaros_1.png"],"assets/image/icons/passaros_2.png":["assets/image/icons/passaros_2.png"],"assets/image/icons/peixe.png":["assets/image/icons/peixe.png"],"assets/image/icons/planeta.png":["assets/image/icons/planeta.png"],"assets/image/icons/planetas.png":["assets/image/icons/planetas.png"],"assets/image/icons/planta.png":["assets/image/icons/planta.png"],"assets/image/icons/ponto_de_interrogacao.png":["assets/image/icons/ponto_de_interrogacao.png"],"assets/image/icons/ponto_de_interrogacao_2.png":["assets/image/icons/ponto_de_interrogacao_2.png"],"assets/image/icons/ponto_de_interrogacao_3.png":["assets/image/icons/ponto_de_interrogacao_3.png"],"assets/image/icons/ponto_de_interrogacao_4.png":["assets/image/icons/ponto_de_interrogacao_4.png"],"assets/image/icons/reciclagem.png":["assets/image/icons/reciclagem.png"],"assets/image/icons/relogio_1.png":["assets/image/icons/relogio_1.png"],"assets/image/icons/relogio_2.png":["assets/image/icons/relogio_2.png"],"assets/image/icons/santuario.png":["assets/image/icons/santuario.png"],"assets/image/icons/semanarios.png":["assets/image/icons/semanarios.png"],"assets/image/icons/sol.png":["assets/image/icons/sol.png"],"assets/image/icons/terra.png":["assets/image/icons/terra.png"],"assets/image/icons/versiculo.png":["assets/image/icons/versiculo.png"],"assets/image/inicial1.jpg":["assets/image/inicial1.jpg"],"assets/image/inicial2.jpg":["assets/image/inicial2.jpg"],"assets/image/inicial3.jpg":["assets/image/inicial3.jpg"],"assets/image/nopicture.png":["assets/image/nopicture.png"],"assets/image/splash_img.png":["assets/image/splash_img.png"],"assets/image/welcome-bg.png":["assets/image/welcome-bg.png"],"packages/cupertino_icons/assets/CupertinoIcons.ttf":["packages/cupertino_icons/assets/CupertinoIcons.ttf"],"packages/fluttertoast/assets/toastify.css":["packages/fluttertoast/assets/toastify.css"],"packages/fluttertoast/assets/toastify.js":["packages/fluttertoast/assets/toastify.js"],"packages/nb_utils/assets/icons/ic_beautify.png":["packages/nb_utils/assets/icons/ic_beautify.png"],"packages/nb_utils/fonts/LineAwesome.ttf":["packages/nb_utils/fonts/LineAwesome.ttf"]}