[{"family":"MaterialIcons","fonts":[{"asset":"fonts/MaterialIcons-Regular.otf"}]},{"family":"R","fonts":[{"asset":"assets/fonts/Mukta-Regular.ttf"}]},{"family":"M","fonts":[{"asset":"assets/fonts/Mukta-Medium.ttf"}]},{"family":"B","fonts":[{"asset":"assets/fonts/Mukta-Bold.ttf"}]},{"family":"SB","fonts":[{"asset":"assets/fonts/Mukta-SemiBold.ttf"}]},{"family":"packages/cupertino_icons/CupertinoIcons","fonts":[{"asset":"packages/cupertino_icons/assets/CupertinoIcons.ttf"}]},{"family":"packages/nb_utils/LineAwesomeIcons","fonts":[{"weight":400,"asset":"packages/nb_utils/fonts/LineAwesome.ttf"}]}]